Date,TN,KA,MH,DL,KL
2020-03-14,1,6,14,7,19
2020-03-15,0,0,18,0,5
2020-03-16,0,1,6,0,3
2020-03-17,0,2,3,1,0
2020-03-18,1,5,3,2,0
2020-03-19,1,1,4,4,1
2020-03-20,0,0,4,6,12
2020-03-21,3,5,12,7,12
2020-03-22,3,6,10,0,15
2020-03-23,3,7,23,3,28
2020-03-24,6,8,10,0,14
2020-03-25,8,10,15,5,9
2020-03-26,3,4,3,1,19
2020-03-27,9,9,31,4,39
2020-03-28,4,17,30,9,6
2020-03-29,8,2,17,23,20
2020-03-30,17,5,17,25,32
2020-03-31,57,13,82,23,7
2020-04-01,110,9,33,32,24
2020-04-02,75,14,88,141,21
2020-04-03,102,4,64,93,9
2020-04-04,74,16,148,59,11
2020-04-05,86,7,112,58,8
2020-04-06,50,12,121,22,13
2020-04-07,69,12,150,51,9
2020-04-08,48,6,117,93,9
2020-04-09,96,16,229,51,12
2020-04-10,77,10,210,183,7
2020-04-11,58,8,187,166,10
2020-04-12,106,17,221,85,2
2020-04-13,98,15,352,356,3
2020-04-14,31,13,346,51,8
2020-04-15,38,19,236,17,1
2020-04-16,25,36,285,62,7
2020-04-17,56,44,120,67,1
2020-04-18,49,25,327,186,4
2020-04-19,105,6,552,110,2
2020-04-20,43,18,466,78,6
2020-04-21,76,10,552,75,19
2020-04-22,33,9,431,92,11
2020-04-23,54,18,778,128,10
2020-04-24,72,29,390,138,3
2020-04-25,66,26,811,111,7
2020-04-26,64,3,440,293,11
2020-04-27,52,9,522,190,13
2020-04-28,121,11,728,206,4
2020-04-29,104,12,597,125,10
2020-04-30,161,30,583,76,2
2020-05-01,203,24,1008,223,0
2020-05-02,231,12,790,384,2
2020-05-03,266,13,678,427,0
2020-05-04,527,37,1567,349,0
2020-05-05,508,22,984,206,3
2020-05-06,771,20,1233,428,0
2020-05-07,580,12,1216,448,0
2020-05-08,600,48,1089,338,1
2020-05-09,526,41,1165,224,2
2020-05-10,669,54,1943,381,7
2020-05-11,798,14,1230,310,7
2020-05-12,716,63,1026,406,5
2020-05-13,509,34,1495,359,10
2020-05-14,447,28,1602,472,26
2020-05-15,434,69,1576,425,16
2020-05-16,477,36,1606,438,11
2020-05-17,639,55,2347,422,14
2020-05-18,536,99,2005,299,29
2020-05-19,688,149,2078,500,12
2020-05-20,743,67,2161,534,24
2020-05-21,776,143,2345,571,24
2020-05-22,786,138,2940,660,42
2020-05-23,759,216,2608,591,62
2020-05-24,765,130,3041,508,53
2020-05-25,805,93,2436,635,49
2020-05-26,646,101,2091,412,67
2020-05-27,817,135,2190,792,40
2020-05-28,827,115,2598,1024,85
2020-05-29,874,248,2682,1105,62
2020-05-30,938,141,2940,1163,58
2020-05-31,1149,299,2487,1295,61
2020-06-01,1162,187,2358,990,57
2020-06-02,1091,388,2287,1298,86
2020-06-03,1286,267,2560,1513,82
2020-06-04,1384,257,2933,1359,94
2020-06-05,1438,515,2436,1330,111
2020-06-06,1458,378,2739,1320,108
2020-06-07,1515,239,3007,1282,107
2020-06-08,1562,308,2554,1007,91
2020-06-09,1685,161,2258,1366,91
2020-06-10,1927,120,3254,1501,65
2020-06-11,1875,204,3607,1877,83
2020-06-12,1982,271,3493,2137,78
2020-06-13,1989,308,3427,2134,85
2020-06-14,1974,176,3390,2224,54
2020-06-15,1843,213,2786,1647,82
2020-06-16,1515,317,2701,1859,79
2020-06-17,2174,204,3307,2414,75
2020-06-18,2141,210,3752,2877,97
2020-06-19,2115,337,3827,3137,118
2020-06-20,2396,416,3874,3630,127
2020-06-21,2532,453,3870,3000,133
2020-06-22,2710,249,3721,2909,138
2020-06-23,2516,322,3214,3947,141
2020-06-24,2865,397,3889,3788,152
2020-06-25,3509,442,4842,3390,123
2020-06-26,3645,445,5024,3460,150
2020-06-27,3713,918,6368,2948,195
2020-06-28,3940,1267,5493,2889,118
2020-06-29,3949,1105,5257,2084,122
2020-06-30,3943,947,4878,2199,131
2020-07-01,3882,1272,5537,2442,151
2020-07-02,4343,1502,6328,2373,160
2020-07-03,4329,1694,6364,2520,211
2020-07-04,4280,1839,7074,2505,240
2020-07-05,4150,1925,6555,2244,225
2020-07-06,3827,1843,5368,1379,193
2020-07-07,3616,1498,5134,2008,272
2020-07-08,3756,2062,6603,2033,301
2020-07-09,4231,2228,6875,2187,339
2020-07-10,3680,2313,7862,2089,416
2020-07-11,3965,2798,8139,1781,488
2020-07-12,4244,2627,7827,1573,435
2020-07-13,4328,2738,6497,1246,449
2020-07-14,4526,2496,6741,1606,608
2020-07-15,4496,3176,7975,1647,623
2020-07-16,4549,4169,8641,1652,722
2020-07-17,4538,3693,8308,1462,791
2020-07-18,4807,4537,8348,1475,593
2020-07-19,4979,4120,9518,1211,821
2020-07-20,4985,3648,8240,954,794
2020-07-21,4965,3649,8336,1349,720
2020-07-22,5849,4764,10576,1227,1038
2020-07-23,6472,5030,9895,1041,1078
2020-07-24,6785,5007,9615,1025,885
2020-07-25,6988,5072,9251,1142,1103
2020-07-26,6986,5199,9431,1075,927
2020-07-27,6993,5324,7924,613,702
2020-07-28,6972,5536,7717,1056,1167
2020-07-29,6426,5503,9211,1035,903
2020-07-30,5864,6128,11147,1093,506
2020-07-31,5881,5483,10320,1195,1310
2020-08-01,5879,5172,9601,1118,1129
2020-08-02,5875,5532,9509,961,1169
2020-08-03,5609,4752,8968,805,961
2020-08-04,5063,6259,7760,674,1083
2020-08-05,5175,5619,10309,1076,1195
2020-08-06,5684,6805,11514,1299,1298
2020-08-07,5880,6670,10483,1192,1251
2020-08-08,5883,7178,12822,1404,1420
2020-08-09,5994,5985,12248,1300,1211
2020-08-10,5914,4267,9181,707,1184
2020-08-11,5834,6257,11088,1257,1417
2020-08-12,5871,7883,12712,1113,1212
2020-08-13,5835,6706,11813,956,1564
2020-08-14,5890,7908,12608,1192,1569
2020-08-15,5860,8818,12020,1276,1608
2020-08-16,5950,7040,11111,652,1530
2020-08-17,5890,6317,8493,787,1725
2020-08-18,5709,7665,11119,1374,1758
2020-08-19,5795,8642,13165,1398,2333
2020-08-20,5986,7385,14647,1215,1968
2020-08-21,5995,7571,14161,1250,1983
2020-08-22,5980,7330,14492,1412,2172
2020-08-23,5975,5938,10441,1450,1908
2020-08-24,5967,5851,11015,1061,1242
2020-08-25,5951,8161,10425,1544,2375
2020-08-26,5958,8580,14888,1693,2476
2020-08-27,5981,9386,14857,1840,2406
2020-08-28,5996,8960,14427,1808,2543
2020-08-29,6352,8324,16286,1954,2397
2020-08-30,6495,8852,16408,2024,2154
2020-08-31,5956,6495,11852,1358,1530
2020-09-01,5928,9058,15765,2312,1140
2020-09-02,5990,9860,17433,2509,1547
2020-09-03,5892,8865,18105,2737,1553
2020-09-04,5976,9280,19218,2914,2479
2020-09-05,5870,9746,20800,2973,2655
2020-09-06,5783,9319,23350,3256,3082
2020-09-07,5776,5773,16429,2077,1648
2020-09-08,5684,7866,20131,3609,3026
2020-09-09,5584,9540,23577,4039,3402
2020-09-10,5528,9217,23446,4308,3349
2020-09-11,5519,9464,24886,4266,2988
2020-09-12,5495,9140,22084,4321,2885
2020-09-13,5693,9894,22543,4235,3139
2020-09-14,5752,8244,17066,3229,2540
2020-09-15,5697,7576,20482,4263,3216
2020-09-16,5652,9725,23365,4473,3830
2020-09-17,5560,9366,24619,4432,4351
2020-09-18,5488,8626,21656,4127,4167
2020-09-19,5569,8364,20519,4071,4644
2020-09-20,5516,8191,20627,3812,4696
2020-09-21,5344,7339,15738,2548,2910
2020-09-22,5337,6974,18390,3816,4125
2020-09-23,5325,6997,21029,3714,5376
2020-09-24,5692,7710,19164,3834,6324
2020-09-25,5679,8655,17794,3827,6477
2020-09-26,5647,8811,20419,3372,7006
2020-09-27,5791,9543,18056,3292,7445
2020-09-28,5589,6892,11921,1984,4538
2020-09-29,5546,10453,14976,3227,7354
2020-09-30,5659,8856,18317,3390,8830
2020-10-01,5688,10070,16476,3037,8135
2020-10-02,5595,8793,15591,2920,9258
2020-10-03,5622,9886,14348,2258,7834
2020-10-04,5489,10145,12548,2683,8553
2020-10-05,5395,7051,10244,1947,5042
2020-10-06,5017,9993,12258,2676,7871
2020-10-07,5447,10947,14578,2871,10606
2020-10-08,5088,10704,13395,2726,5445
2020-10-09,5185,10913,12134,2860,9250
2020-10-10,5242,10517,11416,2866,11755
2020-10-11,5015,9523,10792,2780,9347
2020-10-12,4879,7606,7089,1849,5930
2020-10-13,4666,8191,8522,3036,8764
2020-10-14,4462,9265,10552,3324,6244
2020-10-15,4410,8477,10226,3483,7789
2020-10-16,4389,7542,11447,3428,7283
2020-10-17,4295,7184,10259,3259,9016
2020-10-18,3914,7012,9060,3299,7631
2020-10-19,3536,5018,5984,2154,5022
2020-10-20,3094,6297,8151,3579,6591
2020-10-21,3086,5872,8142,3686,8369
2020-10-22,3077,5778,7539,3882,7482
2020-10-23,3057,5356,7347,4086,8511
2020-10-24,2886,4471,6417,4116,8253
2020-10-25,2869,4439,6059,4136,6843
2020-10-26,2708,3130,3645,2832,4287
2020-10-27,2522,3691,5363,4853,5457
2020-10-28,2516,3146,6738,5673,8790
2020-10-29,2652,4025,5902,5739,7020
2020-10-30,2608,3589,6190,5891,6638
2020-10-31,2511,3014,5548,5062,7983
2020-11-01,2504,3652,5369,5664,7025
2020-11-02,2481,2576,4009,4001,4138
2020-11-03,2435,2756,4909,6725,6862
2020-11-04,2487,3377,5505,6842,8516
2020-11-05,2348,3156,5246,6715,6820
2020-11-06,2370,2960,6870,7178,7002
2020-11-07,2341,2258,3959,6953,7201
2020-11-08,2334,2740,5585,7745,5440
2020-11-09,2257,1963,3277,5023,3593
2020-11-10,2146,2362,3791,7830,6010
2020-11-11,2184,2584,4907,8593,7007
2020-11-12,2112,2116,4496,7053,5537
2020-11-13,1939,2016,4132,7802,5804
2020-11-14,1912,2154,4237,7340,6357
2020-11-15,1819,1565,2544,3235,4581
2020-11-16,1725,1157,2535,3797,2710
2020-11-17,1652,1336,2732,6396,5792
2020-11-18,1714,1791,5011,7486,6419
2020-11-19,1707,1849,5535,7546,5722
2020-11-20,1688,1781,5640,6608,6028
2020-11-21,1663,1781,5760,5879,5772
2020-11-22,1655,1704,5753,6746,5254
2020-11-23,1624,1509,4153,4454,3757
2020-11-24,1557,1870,5439,6224,5420
2020-11-25,1534,1630,6159,5246,6491
2020-11-26,1464,1505,6406,5475,5378
2020-11-27,1442,1526,6185,5482,3966
2020-11-28,1430,1522,5965,4998,6250
2020-11-29,1459,1291,5544,4906,5643
2020-11-30,1410,998,3837,3726,3382
2020-12-01,1404,1330,4930,4006,5375
2020-12-02,1428,1440,3350,3944,6316
2020-12-03,1416,1446,5182,3734,5376
2020-12-04,1391,1247,5229,4067,5718
2020-12-05,1366,1325,4922,3419,5848
2020-12-06,1320,1321,4757,2706,4777
2020-12-07,1312,998,3075,1674,3272
2020-12-08,1236,1280,4026,3188,5032
2020-12-09,1232,1279,4981,2463,4875
2020-12-10,1220,1238,3824,1575,4470
2020-12-11,1235,1210,4268,2385,4642
2020-12-12,1218,1203,4259,1935,5949
2020-12-13,1195,1196,3717,1984,4698
2020-12-14,1141,830,2949,1376,2707
2020-12-15,1132,1185,3442,1617,5218
2020-12-16,1181,1240,-5914,1547,6185
2020-12-17,1174,1236,3880,1363,4969
2020-12-18,1134,1222,3994,1418,5456
2020-12-19,1127,1152,3940,1139,6293
2020-12-20,1114,1194,3811,1091,5711
2020-12-21,1071,772,2834,803,3423
2020-12-22,1052,1141,3106,939,6049
2020-12-23,1066,958,3913,871,6169
2020-12-24,1035,1143,3580,1063,5177
2020-12-25,1027,1005,3431,758,5397
2020-12-26,1019,857,2854,655,3527
2020-12-27,1009,911,3314,757,4905
2020-12-28,1005,653,2498,564,3047
2020-12-29,957,662,3018,703,5887
2020-12-30,945,973,3537,677,6268
2020-12-31,937,952,3509,574,5215
2021-01-01,921,877,3524,585,4991
2021-01-02,910,755,3218,494,5328
2021-01-03,867,810,3282,424,4600
2021-01-04,838,600,4875,384,3021
2021-01-05,820,815,3160,442,5615
2021-01-06,811,784,4382,654,6394
2021-01-07,805,761,3729,486,5051
2021-01-08,790,970,3693,444,5142
2021-01-09,761,899,3581,519,5528
2021-01-10,724,792,3558,399,4545
2021-01-11,682,496,2438,306,3110
2021-01-12,671,751,2936,386,5507
2021-01-13,673,746,3556,357,6004
2021-01-14,665,408,3579,340,5490
2021-01-15,621,708,3145,295,5624
2021-01-16,610,584,2910,299,5960
2021-01-17,589,745,3081,246,5005
2021-01-18,551,435,1924,161,3346
2021-01-19,543,645,2294,231,6186
2021-01-20,549,501,3015,228,6815
2021-01-21,596,674,2886,227,6334
2021-01-22,574,324,2779,266,6753
2021-01-23,586,902,2697,197,6960
2021-01-24,569,573,2752,185,6036
2021-01-25,540,375,1842,148,3361
2021-01-26,523,529,2405,157,6293
2021-01-27,512,428,2171,96,5659
2021-01-28,503,550,2889,199,5771
2021-01-29,509,468,2771,249,6268
2021-01-30,505,464,2630,183,6282
2021-01-31,508,522,2585,140,5266
2021-02-01,502,388,1948,121,3459
2021-02-02,510,395,1927,114,5716
2021-02-03,514,426,2992,150,6356
2021-02-04,494,474,2736,158,6102
2021-02-05,489,430,2628,154,5610
2021-02-06,477,531,2768,123,5942
2021-02-07,471,487,2673,119,6075
2021-02-08,464,328,2216,125,3742
2021-02-09,469,366,2515,100,5214
2021-02-10,479,415,3451,127,5980
2021-02-11,481,430,652,142,5281
2021-02-12,483,380,3670,141,5397
2021-02-13,477,419,3611,126,5471
2021-02-14,470,414,4092,150,4612
2021-02-15,455,368,3365,141,2884
2021-02-16,451,438,3663,94,4937
2021-02-17,454,378,4787,134,4892
2021-02-18,457,406,5427,130,4584
2021-02-19,448,386,6112,158,4505
2021-02-20,438,490,6281,152,4650
2021-02-21,452,413,6971,145,4070
2021-02-22,449,317,5210,128,2212
2021-02-23,442,383,6218,145,4034
2021-02-24,463,334,8807,200,4106
2021-02-25,467,453,8702,220,3677
2021-02-26,481,571,8333,256,3671
2021-02-27,486,523,8623,243,3792
2021-02-28,479,521,8293,197,3254
2021-03-01,474,349,6397,175,1938
2021-03-02,462,437,7863,217,2938
2021-03-03,489,528,9855,240,2765
2021-03-04,482,571,8998,261,2616
2021-03-05,543,677,10216,312,2776
2021-03-06,562,580,10187,321,2791
2021-03-07,567,622,11141,286,2100
2021-03-08,556,436,8744,239,1412
2021-03-09,569,590,9927,320,2316
2021-03-10,671,760,13659,370,2475
2021-03-11,685,783,14317,409,2133
2021-03-12,670,833,15817,431,1780
2021-03-13,695,921,15602,419,2035
2021-03-14,759,934,16620,407,1792
2021-03-15,836,932,15051,368,1054
2021-03-16,867,1135,17864,425,1970
2021-03-17,945,1275,23179,536,2098
2021-03-18,989,1488,25833,607,1899
2021-03-19,1087,1587,25681,716,1984
2021-03-20,1243,1798,27126,813,2078
2021-03-21,1289,1715,30535,823,1875
2021-03-22,1385,1445,24645,888,1239
2021-03-23,1437,2010,28699,1101,1985
2021-03-24,1636,2298,31855,1254,2456
2021-03-25,1779,2523,35952,1515,1989
2021-03-26,1971,2566,36902,1534,1825
2021-03-27,2089,2886,35726,1558,2055
2021-03-28,2194,3082,40414,1881,2216
2021-03-29,2279,2792,31643,1904,1549
2021-03-30,2342,2975,27918,992,2389
2021-03-31,2579,4225,39544,1819,2653
2021-04-01,2817,4234,43183,2790,2798
2021-04-02,3290,4991,47913,3594,2508
2021-04-03,3446,4373,49447,3567,2541
2021-04-04,3581,4553,57074,4033,2802
2021-04-05,3672,5279,47288,3548,2357
2021-04-06,3645,6150,55469,5100,3502
2021-04-07,3986,6976,59907,5506,3502
2021-04-08,4276,6570,56286,7437,4353
2021-04-09,5441,7955,58993,8521,5063
2021-04-10,5989,6955,55411,7897,6194
2021-04-11,6618,10250,63294,10774,6986
2021-04-12,6711,9579,51751,11491,5692
2021-04-13,6984,8778,60212,13468,7515
2021-04-14,7819,11265,58952,17282,8778
2021-04-15,7987,14738,61695,16699,8126
2021-04-16,8449,14859,63729,19486,10031
2021-04-17,9344,17489,67123,24375,13835
2021-04-18,10723,19067,68631,25462,18257
2021-04-19,10941,15785,58924,23686,13644
2021-04-20,10986,21794,62097,28395,19577
2021-04-21,11681,23558,67468,24638,22414
2021-04-22,12652,25795,67013,26169,26995
2021-04-23,13776,26962,66836,24331,28447
2021-04-24,14842,29438,67160,24103,26685
2021-04-25,15659,34804,66191,22933,28469
2021-04-26,15684,29744,48700,20201,21890
2021-04-27,15830,31830,66358,24149,32819
2021-04-28,16665,39047,63309,25986,35013
2021-04-29,17897,35024,66159,24235,38607
2021-04-30,18692,48296,62919,27047,37199
2021-05-01,19588,40990,63282,25219,35636
2021-05-02,20768,37733,56647,20394,31959
2021-05-03,20952,44438,48621,18043,26011
2021-05-04,21228,44631,51880,19953,37190
2021-05-05,23310,50112,57640,20960,41953
2021-05-06,24898,49058,62194,19133,42464
2021-05-07,26465,48781,54022,19832,38460
2021-05-08,27397,47563,56578,17364,41971
2021-05-09,28897,47930,48401,13336,35801
2021-05-10,28978,39305,37236,12651,27487
2021-05-11,29272,39510,40956,12481,37290
2021-05-12,30355,39998,46781,13287,43529
2021-05-13,30621,35297,42582,10489,39955
2021-05-14,31892,41779,39923,8506,34694
2021-05-15,33658,41664,34848,6430,32680
2021-05-16,33181,31531,34389,6456,29704
2021-05-17,33075,38603,26616,4524,21402
2021-05-18,33059,30309,28438,4482,31337
2021-05-19,34875,34281,34031,3846,32762
2021-05-20,35579,28869,29911,3231,30491
2021-05-21,36184,32218,29644,3009,29673
2021-05-22,35873,31183,26133,2260,28514
2021-05-23,35483,25979,26672,1649,25820
2021-05-24,34867,25311,22122,1550,17821
2021-05-25,34285,22758,24136,1568,29803
2021-05-26,33764,26811,24752,1491,28798
2021-05-27,33361,24214,21273,1072,24166
2021-05-28,31079,22823,20740,1141,22318
2021-05-29,30016,20628,20295,956,23513
2021-05-30,28864,20378,18600,946,19894
2021-05-31,27936,16604,15077,648,12300
2021-06-01,26513,14304,14123,623,19760
2021-06-02,25317,16387,15169,576,19661
2021-06-03,24405,18324,15229,487,18853
2021-06-04,22651,16068,14152,523,16229
2021-06-05,21410,13800,13659,414,17328
2021-06-06,20421,12209,12557,381,14672
2021-06-07,19448,11958,10219,231,9313
2021-06-08,18023,9808,10891,316,15567
2021-06-09,17321,10959,10989,337,16204
2021-06-10,16813,11042,12207,305,14424
2021-06-11,15759,8249,11766,238,14233
2021-06-12,15108,9785,10697,213,13832
2021-06-13,14016,7810,10442,255,11584
2021-06-14,12772,6835,8129,131,7719
2021-06-15,11805,5041,7652,228,12246
2021-06-16,10448,7345,10107,212,13270
2021-06-17,9118,5983,9830,158,12469
2021-06-18,8633,5783,9798,165,11361
2021-06-19,8183,5815,8912,135,12443
2021-06-20,7817,4517,9361,124,11647
2021-06-21,7427,4867,6270,89,7449
2021-06-22,6895,3709,8470,397,12617
2021-06-23,6596,4436,10066,588,12787
2021-06-24,6162,3979,9844,109,12078
2021-06-25,5755,3310,9604,115,11546
2021-06-26,5415,4272,9812,85,12118
2021-06-27,5127,3604,9974,259,10905
2021-06-28,4804,2576,6727,59,8063
2021-06-29,4512,3222,8085,101,13550
2021-06-30,4506,3382,9771,94,13658
2021-07-01,4481,3203,9195,93,12868
2021-07-02,4230,2984,8753,93,12095
2021-07-03,4013,2082,9489,86,12456
2021-07-04,3867,1564,9336,94,12100
2021-07-05,3715,2848,6740,54,8037
2021-07-06,3479,3104,8418,79,14372
2021-07-07,3367,2743,9558,93,15600
2021-07-08,3211,2530,9083,93,13772
2021-07-09,3039,2290,8992,81,13563
2021-07-10,2913,2162,8296,76,14087
2021-07-11,2775,1978,8535,53,12220
2021-07-12,2652,1386,7603,45,7798
2021-07-13,2505,1913,7243,76,14539
2021-07-14,2458,1990,8602,77,15637
2021-07-15,2405,1977,8010,72,13773
2021-07-16,2312,1806,7761,66,13750
2021-07-17,2205,1869,8172,59,16148
2021-07-18,2079,1708,9000,51,13956
2021-07-19,1971,1291,6017,36,9931
2021-07-20,1904,1464,9389,44,16848
2021-07-21,1891,1639,8159,62,17481
2021-07-22,1872,1653,7302,49,12818
2021-07-23,1830,1705,6753,58,17518
2021-07-24,1819,1857,6269,66,18531
2021-07-25,1808,1001,6843,66,17466
2021-07-26,1785,1606,4877,39,11586
2021-07-27,1767,1501,6258,77,22129
2021-07-28,1756,1531,6857,67,22056
2021-07-29,1859,2052,7242,51,22064
2021-07-30,1947,1890,6600,63,20772
2021-07-31,1986,1987,6959,58,20624
2021-08-01,1990,1875,6479,85,20728
2021-08-02,1957,1285,4869,51,13984
2021-08-03,1908,1674,6005,50,23676
